tweet,
9,
16,
22,
27,
33,
50,
52,
69,
71,
74,
90,
91,
92,
94,
102,
106,
107,
139,
163,
169,
173,
175,
192,
195,
217,
225,
229,
234,
236,
237,
239,
253,
256,
262,
264,
270,
280,
282,
286,
291,
293,
295,
301,
315,
317,
333,
334,
360,
366,
370,
377,
386,
396,
397,
402,
403,
406,
407,
412,
413,
417,
418,
420,
426,
431,
432,
433,
438,
441,
444,
445,
459,
467,
471,
488,
491,
492,
495,
499,
512,
514,
515,
522,
524,
526,
546,
549,
550,
552,
553,
556,
560,
562,
563,
564,
569,
573,
575,
584,
594,
596,
602,
606,
613,
621,
628,
631,
633,
667,
670,
677,
691,
700,
711,
713,
725,
728,
732,
738,
747,
755,
768,
771,
783,
789,
792,
804,
818,
900,
934,
958,
961,
988,
992,
1034,
1040,
1045,
1053,
1088,
1160,
1167,
1235,
1256,
1265,
1299,
1303,
1426,
1447,
1495,
1516,
